{
    "AAGTTCCGC": -7.8189462296695105,
    "ATTGGGTCC": -6.234182683373772,
    "GGTCATACC": -5.3673322604777844,
    "CCTGAG": -4.923334560179449,
    "AGGTCATCT": -4.627330279183703,
    "GCTCT": -3.4662239339788834,
    "TAGAAC": -2.0730310176445705,
    "ATAAGCAAG": -1.6308305261484435,
    "TCCTTAT": -1.6115551005500868,
    "CTATA": -1.4508658974135618,
    "CACAAA": -1.3221235277503165,
    "GGTTT": -1.2827092153148427,
    "TCGGCT": -0.8307744149185569,
    "GCGTG": -0.2519522091796785,
    "GACGGAC": 0.21080673683911122,
    "GCGTTTG": 1.9663777137018998,
    "GGAAT": 2.266435953193687,
    "GAGTTGTA": 2.828337228609453,
    "ACCAAA": 4.599662197952149,
    "CCCCT": 4.711155670814521,
    "GCCAAG": 5.70641560035403,
    "CGACGGT": 6.867298867737544,
    "AGGGAGGAA": 7.458591820740076,
    "TTTGTAGTT": 8.735489090893992
}