{
    "CAAACCTT": -8.442144519416495,
    "TGAACTGCC": -6.893886299714563,
    "TTTGTAGTT": -6.745343321680101,
    "CACGCTTT": -6.567654057445902,
    "AAGCTGTCG": -6.12424990482773,
    "ATCCG": -4.57937754210399,
    "CACAAA": -4.393370049615127,
    "CTGGTCGCC": -4.36998832450926,
    "GATCC": -4.303773665323094,
    "GGTCATACC": -3.539725937521987,
    "GCTTCGCC": -3.4953958958008418,
    "AGGTCATCT": -3.464722138918674,
    "ATTCC": -3.1618282494084977,
    "TTTACTC": -3.0705439357641913,
    "CTTGTCG": -2.4997652044205045,
    "ACGGAC": -2.290216859539349,
    "CCCCT": -2.2446582704819464,
    "GAGTC": -1.7914483744338727,
    "GAGATA": -1.4383492165777245,
    "GCCTGTCA": -1.022257518779311,
    "GACGGAC": -0.9341477888348256,
    "CCTGAG": -0.43297422600367713,
    "GCTCT": -0.18093838768323797,
    "TCGGCT": 0.7289808689772102,
    "ACCAAA": 1.1266543487921972,
    "TCCTTAT": 1.4068849702034436,
    "ATAAGCAAG": 1.7102384392022163,
    "CTATA": 1.7929121703845832,
    "GCGTG": 2.6134951957287336,
    "CTGCCTAAC": 2.777203692742191,
    "GGAAT": 3.054755939433897,
    "TCACAG": 3.715786329632254,
    "GGTTT": 4.10469936888713,
    "CGACGGT": 4.157600562687222,
    "ATCTGATG": 4.207485677151733,
    "GCGTTTG": 4.295038356689523,
    "TCGAT": 4.382665711912948,
    "CCACG": 4.652412912170792,
    "TAGAAC": 4.8805728742683145,
    "TACCGT": 5.994123539563655,
    "GCCAAG": 6.139161370589413,
    "ATTGGGTCC": 6.188122672692359,
    "TTCGACCA": 7.449616333942777,
    "AAGTTCCGC": 7.565006865578703,
    "GAGTTGTA": 7.806409222050342,
    "AGGGAGGAA": 7.921392485699169,
    "CAGGCACT": 8.095028918489545,
    "AACCGCAGT": 9.445334175976644
}